text,label
"[NAME] liked your post about cybersecurity trends",0
"[NAME] a aimÃ© votre publication sur la sÃ©curitÃ©",0
"Your connection [NAME] started following [COMPANY]",0
"Votre contact [NAME] suit maintenant [ENTREPRISE]",0
"[NAME] endorsed you for Python programming",0
"[NAME] vous a recommandÃ© pour Python",0
"Weekly network digest: 5 new updates",0
"RÃ©sumÃ© hebdomadaire rÃ©seau : 5 mises Ã  jour",0
"[NAME] shared an article about AI ethics",0
"[NAME] a partagÃ© un article sur l'Ã©thique IA",0
"[NAME] commented on your LinkedIn article",0
"[NAME] a commentÃ© votre article LinkedIn",0
"Your post received 47 likes and 8 comments",0
"Votre publication a reÃ§u 47 likes et 8 commentaires",0
"[NAME] mentioned you in a professional discussion",0
"[NAME] vous a mentionnÃ© dans une discussion professionnelle",0
"New connection request from [NAME] at [COMPANY]",0
"Nouvelle demande de connexion de [NAME] chez [ENTREPRISE]",0
"Your network has grown by 12% this month",0
"Votre rÃ©seau a augmentÃ© de 12% ce mois-ci",0
"ğŸ’¼ Premium features: See who viewed your profile",1
"ğŸ’¼ FonctionnalitÃ©s premium : Voyez qui consulte votre profil",1
"ğŸš€ Career boost: Get noticed by recruiters",1
"ğŸš€ Boostez votre carriÃ¨re : Attirez les recruteurs",1
"âœ¨ Unlock networking superpowers with Premium",1
"âœ¨ DÃ©bloquez le pouvoir du rÃ©seau avec Premium",1
"ğŸ’ Exclusive job opportunities for Premium members",1
"ğŸ’ OpportunitÃ©s d'emploi exclusives membres Premium",1
"ğŸ¯ Target your next role with advanced search",1
"ğŸ¯ Ciblez votre prochain poste avec la recherche avancÃ©e",1
"ğŸŒŸ Stand out with Premium badge on your profile",1
"ğŸŒŸ DÃ©marquez-vous avec le badge Premium sur votre profil",1
"ğŸ“ˆ Analytics: Track your profile performance",1
"ğŸ“ˆ Analyses : Suivez les performances de votre profil",1
"ğŸ” Advanced search filters for better networking",1
"ğŸ” Filtres de recherche avancÃ©s pour un meilleur rÃ©seautage",1
"ğŸ’¬ Unlimited InMails to reach anyone",1
"ğŸ’¬ InMails illimitÃ©s pour contacter qui vous voulez",1
"Assignment due tomorrow for Data Science course",0
"Devoir Ã  rendre demain pour le cours Data Science",0
"Quiz available: Machine Learning Week 3",0
"Quiz disponible : Machine Learning Semaine 3",0
"Certificate earned: Google IT Support",0
"Certificat obtenu : Support IT Google",0
"Course materials updated for Neural Networks",0
"Supports de cours mis Ã  jour pour RÃ©seaux de Neurones",0
"Peer review required for your project submission",0
"Ã‰valuation par les pairs requise pour votre projet",0
"Lecture recording available for yesterday's session",0
"Enregistrement de cours disponible pour la session d'hier",0
"Final exam scheduled for next Friday at 2 PM",0
"Examen final programmÃ© vendredi prochain Ã  14h",0
"New discussion thread started in Advanced Python",0
"Nouveau fil de discussion crÃ©Ã© dans Python AvancÃ©",0
"Your assignment received grade: A- with feedback",0
"Votre devoir a reÃ§u la note : A- avec commentaires",0
"Group project teams have been assigned",0
"Les Ã©quipes de projet de groupe ont Ã©tÃ© attribuÃ©es",0
"ğŸ“š Explore new courses in your field",1
"ğŸ“š Explorez de nouveaux cours dans votre domaine",1
"ğŸ“ Limited time: 7-day free trial",1
"ğŸ“ Offre limitÃ©e : 7 jours d'essai gratuit",1
"â­ Plus courses unlock with subscription",1
"â­ Plus de cours dÃ©bloquÃ©s avec l'abonnement",1
"ğŸ† Level up your skills with certificates",1
"ğŸ† DÃ©veloppez vos compÃ©tences avec des certificats",1
"ğŸ“ˆ Career advancement courses starting at $49",1
"ğŸ“ˆ Cours d'Ã©volution de carriÃ¨re dÃ¨s 49â‚¬",1
"ğŸš€ Master new technologies before everyone else",1
"ğŸš€ MaÃ®trisez les nouvelles technologies avant tout le monde",1
"ğŸ¯ Personalized learning path for your goals",1
"ğŸ¯ Parcours d'apprentissage personnalisÃ© pour vos objectifs",1
"ğŸ’¼ Corporate training solutions available",1
"ğŸ’¼ Solutions de formation entreprise disponibles",1
"ğŸ… Earn verified certificates from top universities",1
"ğŸ… Obtenez des certificats vÃ©rifiÃ©s d'universitÃ©s prestigieuses",1
"Account balance: â‚¬1,247.83 as of today",0
"Solde du compte : 1 247,83â‚¬ Ã  ce jour",0
"Direct debit processed: Netflix â‚¬12.99",0
"PrÃ©lÃ¨vement traitÃ© : Netflix 12,99â‚¬",0
"Standing order cancelled successfully",0
"Virement permanent annulÃ© avec succÃ¨s",0
"Card payment declined: insufficient funds",0
"Paiement carte refusÃ© : fonds insuffisants",0
"International transfer completed to UK",0
"Virement international vers le Royaume-Uni effectuÃ©",0
"Monthly statement now available for download",0
"RelevÃ© mensuel maintenant disponible en tÃ©lÃ©chargement",0
"ATM withdrawal: â‚¬80 from Main Street location",0
"Retrait DAB : 80â‚¬ depuis l'agence Main Street",0
"Interest payment credited: â‚¬45.67",0
"Paiement d'intÃ©rÃªts crÃ©ditÃ© : 45,67â‚¬",0
"Fraud alert: Suspicious transaction blocked",0
"Alerte fraude : Transaction suspecte bloquÃ©e",0
"Credit limit increase approved: â‚¬500",0
"Augmentation limite de crÃ©dit approuvÃ©e : 500â‚¬",0
"ğŸ’³ Get our premium card with exclusive benefits",1
"ğŸ’³ Obtenez notre carte premium avec avantages exclusifs",1
"ğŸ¦ Personal loan approved in 24 hours",1
"ğŸ¦ PrÃªt personnel approuvÃ© en 24h",1
"ğŸ“ˆ Invest smart: Portfolio management from â‚¬100",1
"ğŸ“ˆ Investissez malin : Gestion de portefeuille dÃ¨s 100â‚¬",1
"ğŸ’° High-yield savings: 3.5% annual rate",1
"ğŸ’° Ã‰pargne haut rendement : 3,5% annuel",1
"ğŸ¯ Mortgage rates starting at 2.8%",1
"ğŸ¯ Taux hypothÃ©caires dÃ¨s 2,8%",1
"ğŸŒŸ VIP banking: Dedicated personal advisor",1
"ğŸŒŸ Banque VIP : Conseiller personnel dÃ©diÃ©",1
"ğŸ’ Wealth management for high net worth clients",1
"ğŸ’ Gestion de patrimoine pour clients fortunÃ©s",1
"ğŸ”’ Advanced security features with premium account",1
"ğŸ”’ FonctionnalitÃ©s de sÃ©curitÃ© avancÃ©es avec compte premium",1
"ğŸ“Š Free financial planning consultation",1
"ğŸ“Š Consultation gratuite en planification financiÃ¨re",1
"Game saved successfully to cloud",0
"Partie sauvegardÃ©e avec succÃ¨s sur le cloud",0
"Friend request from [PLAYER] accepted",0
"Demande d'ami de [JOUEUR] acceptÃ©e",0
"Achievement unlocked: First Victory",0
"SuccÃ¨s dÃ©bloquÃ© : PremiÃ¨re Victoire",0
"Server maintenance scheduled for 2 hours",0
"Maintenance serveur programmÃ©e 2 heures",0
"Match found: Joining lobby in 10 seconds",0
"Match trouvÃ© : Rejoindre le lobby dans 10s",0
"Daily login bonus: 500 gold coins",0
"Bonus de connexion quotidienne : 500 piÃ¨ces d'or",0
"Tournament brackets updated for Round 2",0
"Tableaux de tournoi mis Ã  jour pour le Tour 2",0
"Guild invitation received from [GUILD_NAME]",0
"Invitation de guilde reÃ§ue de [NOM_GUILDE]",0
"New update available: Version 2.4.1",0
"Nouvelle mise Ã  jour disponible : Version 2.4.1",0
"Leaderboard position: Rank 247 globally",0
"Position classement : Rang 247 mondial",0
"ğŸ® New battle pass available now",1
"ğŸ® Nouveau passe de combat disponible",1
"ğŸ”¥ Legendary skin: Limited time only",1
"ğŸ”¥ Skin lÃ©gendaire : Temps limitÃ© uniquement",1
"âš¡ XP boost weekend: Double rewards",1
"âš¡ Weekend boost XP : RÃ©compenses doublÃ©es",1
"ğŸ’ Premium currency: 50% bonus this week",1
"ğŸ’ Monnaie premium : Bonus 50% cette semaine",1
"ğŸ† Tournament entry: Win exclusive prizes",1
"ğŸ† Inscription tournoi : Gagnez des prix exclusifs",1
"ğŸ¯ Pro gamer package: Advanced stats & replays",1
"ğŸ¯ Pack joueur pro : Stats avancÃ©es et replays",1
"ğŸŒŸ VIP membership: Skip queues and get priority",1
"ğŸŒŸ AdhÃ©sion VIP : Ã‰vitez les files et obtenez la prioritÃ©",1
"ğŸ’° Earn real money in tournaments",1
"ğŸ’° Gagnez de l'argent rÃ©el dans les tournois",1
"ğŸª Special event: Halloween themed rewards",1
"ğŸª Ã‰vÃ©nement spÃ©cial : RÃ©compenses sur le thÃ¨me Halloween",1
"Order #78456 shipped via DHL Express",0
"Commande #78456 expÃ©diÃ©e via DHL Express",0
"Return approved: Refund within 5-7 days",0
"Retour approuvÃ© : Remboursement sous 5-7 jours",0
"Delivery attempt failed: Reschedule online",0
"Tentative de livraison Ã©chouÃ©e : Reprogrammez en ligne",0
"Product review request for recent purchase",0
"Demande d'avis produit pour achat rÃ©cent",0
"Warranty registration completed successfully",0
"Enregistrement garantie effectuÃ© avec succÃ¨s",0
"Package delivered and left at front door",0
"Colis livrÃ© et laissÃ© devant la porte d'entrÃ©e",0
"Tracking updated: Package in transit",0
"Suivi mis Ã  jour : Colis en transit",0
"Exchange request processed for order #12345",0
"Demande d'Ã©change traitÃ©e pour commande #12345",0
"Customer service: Your ticket #789 is resolved",0
"Service client : Votre ticket #789 est rÃ©solu",0
"Stock replenishment: Item back in inventory",0
"RÃ©approvisionnement : Article de nouveau en stock",0
"ğŸ›ï¸ Items in your cart are selling fast",1
"ğŸ›ï¸ Articles dans votre panier partent vite",1
"â° Only 2 left in stock: Complete your order",1
"â° Plus que 2 en stock : Finalisez votre commande",1
"ğŸ’ Personalized recommendations just for you",1
"ğŸ’ Recommandations personnalisÃ©es juste pour vous",1
"ğŸš¨ Price drop alert: Your wishlist item is 30% off",1
"ğŸš¨ Alerte baisse prix : Article wishlist -30%",1
"ğŸ“¦ Free shipping on orders over â‚¬50",1
"ğŸ“¦ Livraison gratuite dÃ¨s 50â‚¬ d'achat",1
"ğŸ Black Friday mega sale: Up to 70% off",1
"ğŸ MÃ©ga soldes Black Friday : Jusqu'Ã  -70%",1
"â­ Customer favorites: Most popular items",1
"â­ Favoris clients : Articles les plus populaires",1
"ğŸš€ New arrivals: Fresh styles just in",1
"ğŸš€ NouveautÃ©s : Styles frais qui viennent d'arriver",1
"ğŸ’° Cashback offer: 5% on all purchases",1
"ğŸ’° Offre cashback : 5% sur tous les achats",1
"Download completed: Episode 5 of [SERIES]",0
"TÃ©lÃ©chargement terminÃ© : Ã‰pisode 5 de [SÃ‰RIE]",0
"Playback resumed where you left off",0
"Lecture reprise lÃ  oÃ¹ vous vous Ãªtes arrÃªtÃ©",0
"Parental controls updated successfully",0
"ContrÃ´le parental mis Ã  jour avec succÃ¨s",0
"Account shared with [EMAIL] successfully",0
"Compte partagÃ© avec [EMAIL] avec succÃ¨s",0
"Subtitle language changed to French",0
"Langue sous-titres changÃ©e en franÃ§ais",0
"Watch party started with [FRIEND_NAME]",0
"SoirÃ©e visionnage commencÃ©e avec [NOM_AMI]",0
"Download for offline viewing completed",0
"TÃ©lÃ©chargement pour visionnage hors ligne terminÃ©",0
"Viewing history cleared successfully",0
"Historique de visionnage effacÃ© avec succÃ¨s",0
"Quality automatically adjusted to HD",0
"QualitÃ© automatiquement ajustÃ©e en HD",0
"ğŸ¬ New releases this week: Don't miss out",1
"ğŸ¬ NouveautÃ©s cette semaine : Ne ratez pas",1
"ğŸ¿ Trending now: What everyone's watching",1
"ğŸ¿ Tendances actuelles : Ce que tout le monde regarde",1
"â­ Exclusive content: Subscriber only",1
"â­ Contenu exclusif : AbonnÃ©s uniquement",1
"ğŸ“º Binge-worthy series added today",1
"ğŸ“º SÃ©ries addictives ajoutÃ©es aujourd'hui",1
"ğŸ­ Premium channels: Upgrade your plan",1
"ğŸ­ ChaÃ®nes premium : Mettez Ã  niveau votre forfait",1
"ğŸ¥ 4K content available with premium subscription",1
"ğŸ¥ Contenu 4K disponible avec abonnement premium",1
"ğŸ”¥ Limited series: Watch before it's gone",1
"ğŸ”¥ SÃ©rie limitÃ©e : Regardez avant qu'elle disparaisse",1
"ğŸŒŸ Ad-free experience: Upgrade now",1
"ğŸŒŸ ExpÃ©rience sans pub : Mettez Ã  niveau maintenant",1
"Security code for account verification: 487291",0
"Code de sÃ©curitÃ© pour vÃ©rification compte : 487291",0
"Two-factor authentication setup completed",0
"Configuration authentification deux facteurs terminÃ©e",0
"Suspicious login attempt blocked automatically",0
"Tentative de connexion suspecte bloquÃ©e automatiquement",0
"Password strength updated to strong",0
"Force du mot de passe mise Ã  jour vers fort",0
"Recovery email address verified successfully",0
"Adresse email de rÃ©cupÃ©ration vÃ©rifiÃ©e avec succÃ¨s",0
"Device authorization required for new login",0
"Autorisation appareil requise pour nouvelle connexion",0
"Security question answers updated",0
"RÃ©ponses questions de sÃ©curitÃ© mises Ã  jour",0
"Account locked due to multiple failed attempts",0
"Compte verrouillÃ© suite Ã  plusieurs tentatives Ã©chouÃ©es",0
"Biometric authentication enabled successfully",0
"Authentification biomÃ©trique activÃ©e avec succÃ¨s",0
"Session expired: Please log in again",0
"Session expirÃ©e : Veuillez vous reconnecter",0
"Login from new device: Location verification sent",0
"Connexion depuis nouvel appareil : VÃ©rification localisation envoyÃ©e",0
"VPN usage detected: Account security review",0
"Utilisation VPN dÃ©tectÃ©e : RÃ©vision sÃ©curitÃ© compte",0
"ğŸ” Premium security suite: Advanced protection",1
"ğŸ” Suite sÃ©curitÃ© premium : Protection avancÃ©e",1
"ğŸ›¡ï¸ Identity theft protection: Monitor your data",1
"ğŸ›¡ï¸ Protection vol d'identitÃ© : Surveillez vos donnÃ©es",1
"ğŸš¨ Dark web monitoring: We scan for your info",1
"ğŸš¨ Surveillance dark web : On scanne vos infos",1
"âš¡ Real-time threat alerts: Stay protected",1
"âš¡ Alertes menaces temps rÃ©el : Restez protÃ©gÃ©",1
"ğŸ”’ Enterprise-grade encryption for personal use",1
"ğŸ”’ Chiffrement niveau entreprise pour usage personnel",1
"Tax assessment notice for fiscal year 2024",0
"Avis d'imposition pour l'annÃ©e fiscale 2024",0
"Driving license renewal reminder: Expires 30/09",0
"Rappel renouvellement permis : Expire le 30/09",0
"Unemployment benefits payment processed",0
"Versement allocation chÃ´mage traitÃ©",0
"Social security number update confirmed",0
"Mise Ã  jour numÃ©ro sÃ©curitÃ© sociale confirmÃ©e",0
"Voter registration status: Active",0
"Statut inscription Ã©lectorale : Actif",0
"Property tax bill available for download",0
"Facture taxe fonciÃ¨re disponible en tÃ©lÃ©chargement",0
"Pension contribution statement ready",0
"RelevÃ© cotisations retraite prÃªt",0
"Healthcare card replacement issued",0
"Remplacement carte vitale Ã©mis",0
"Court summons: Appear on 15/07 at 14:00",0
"Convocation tribunal : ComparaÃ®tre le 15/07 Ã  14h",0
"Municipal services: Water bill due 25/06",0
"Services municipaux : Facture eau due le 25/06",0
"Passport renewal application received",0
"Demande renouvellement passeport reÃ§ue",0
"Building permit approved for construction",0
"Permis de construire approuvÃ© pour construction",0
"ğŸ›ï¸ Fast-track government services with premium",1
"ğŸ›ï¸ Services gouvernementaux accÃ©lÃ©rÃ©s avec premium",1
"ğŸ“‹ Professional document preparation service",1
"ğŸ“‹ Service professionnel de prÃ©paration documents",1
"âš¡ Express visa processing: Get it in 24h",1
"âš¡ Traitement visa express : Obtenez-le en 24h",1
"ğŸ¯ Tax optimization consultation available",1
"ğŸ¯ Consultation optimisation fiscale disponible",1
"ğŸ“Š Legal advice: Connect with certified lawyers",1
"ğŸ“Š Conseil juridique : Connectez-vous avec avocats certifiÃ©s",1
"Blood test results normal: No action required",0
"RÃ©sultats prise de sang normaux : Aucune action requise",0
"Prescription ready for collection at pharmacy",0
"Ordonnance prÃªte Ã  retirer en pharmacie",0
"Vaccination certificate updated in health record",0
"Certificat vaccination mis Ã  jour dossier santÃ©",0
"Insurance claim approved: â‚¬89.50 reimbursed",0
"Remboursement approuvÃ© : 89,50â‚¬ remboursÃ©s",0
"Specialist referral sent to cardiology",0
"RÃ©fÃ©rence spÃ©cialiste envoyÃ©e en cardiologie",0
"Medical imaging appointment confirmed",0
"Rendez-vous imagerie mÃ©dicale confirmÃ©",0
"Annual health checkup reminder",0
"Rappel bilan de santÃ© annuel",0
"Chronic medication delivery scheduled",0
"Livraison mÃ©dicament chronique programmÃ©e",0
"Mental health consultation available",0
"Consultation santÃ© mentale disponible",0
"Emergency contact information updated",0
"Informations contact urgence mises Ã  jour",0
"Medical test results available in patient portal",0
"RÃ©sultats tests mÃ©dicaux disponibles portail patient",0
"Flu vaccination campaign starts next week",0
"Campagne vaccination grippe commence semaine prochaine",0
"ğŸ¥ Premium health plans: Comprehensive coverage",1
"ğŸ¥ Plans santÃ© premium : Couverture complÃ¨te",1
"ğŸ’Š Online pharmacy: 24/7 prescription delivery",1
"ğŸ’Š Pharmacie en ligne : Livraison ordonnances 24h/7j",1
"ğŸ©º Telemedicine consultations: Skip the waiting room",1
"ğŸ©º Consultations tÃ©lÃ©mÃ©decine : Ã‰vitez la salle d'attente",1
"ğŸ§¬ Genetic testing: Unlock your health insights",1
"ğŸ§¬ Tests gÃ©nÃ©tiques : DÃ©couvrez vos insights santÃ©",1
"ğŸ’ª Wellness programs: Achieve your health goals",1
"ğŸ’ª Programmes bien-Ãªtre : Atteignez vos objectifs santÃ©",1
"Payroll processed: Net pay â‚¬2,847.32",0
"Paie traitÃ©e : Salaire net 2 847,32â‚¬",0
"Annual leave request approved: 10-20 August",0
"Demande congÃ©s approuvÃ©e : 10-20 aoÃ»t",0
"Expense report submitted successfully",0
"Note de frais soumise avec succÃ¨s",0
"Performance review scheduled for next week",0
"Entretien d'Ã©valuation programmÃ© semaine prochaine",0
"IT support ticket #2847 resolved",0
"Ticket support IT #2847 rÃ©solu",0
"Workplace safety training mandatory",0
"Formation sÃ©curitÃ© au travail obligatoire",0
"Overtime hours recorded: 8.5 this week",0
"Heures supplÃ©mentaires enregistrÃ©es : 8,5 cette semaine",0
"Company policy update: Review required",0
"Mise Ã  jour politique entreprise : RÃ©vision requise",0
"Team meeting rescheduled to Thursday 15:00",0
"RÃ©union Ã©quipe reportÃ©e jeudi 15h",0
"Workplace benefits enrollment period open",0
"PÃ©riode d'inscription avantages sociaux ouverte",0
"New employee onboarding session scheduled",0
"Session d'intÃ©gration nouvel employÃ© programmÃ©e",0
"Promotion effective from next month",0
"Promotion effective Ã  partir du mois prochain",0
"ğŸ’¼ Career development programs: Advance faster",1
"ğŸ’¼ Programmes dÃ©veloppement carriÃ¨re : Progressez plus vite",1
"ğŸ¯ Leadership training: Unlock your potential",1
"ğŸ¯ Formation leadership : LibÃ©rez votre potentiel",1
"ğŸ“ˆ Salary negotiation coaching: Get what you deserve",1
"ğŸ“ˆ Coaching nÃ©gociation salaire : Obtenez ce que vous mÃ©ritez",1
"ğŸŒŸ Executive coaching: Transform your career",1
"ğŸŒŸ Coaching exÃ©cutif : Transformez votre carriÃ¨re",1
"ğŸ“š Professional certifications: Boost your value",1
"ğŸ“š Certifications professionnelles : Augmentez votre valeur",1
"Smart contract execution successful",0
"ExÃ©cution contrat intelligent rÃ©ussie",0
"Wallet address verification completed",0
"VÃ©rification adresse portefeuille terminÃ©e",0
"Transaction confirmed on blockchain",0
"Transaction confirmÃ©e sur blockchain",0
"Mining rewards distributed automatically",0
"RÃ©compenses minage distribuÃ©es automatiquement",0
"NFT transfer completed successfully",0
"Transfert NFT terminÃ© avec succÃ¨s",0
"Staking rewards earned: 0.045 ETH",0
"RÃ©compenses staking gagnÃ©es : 0,045 ETH",0
"Gas fees optimized for transaction",0
"Frais gas optimisÃ©s pour transaction",0
"DeFi liquidity pool yield: 12.3% APY",0
"Rendement pool liquiditÃ© DeFi : 12,3% APY",0
"ğŸš€ New DeFi opportunities: High yield pools",1
"ğŸš€ Nouvelles opportunitÃ©s DeFi : Pools haut rendement",1
"ğŸ’° Crypto savings account: Earn while you HODL",1
"ğŸ’° Compte Ã©pargne crypto : Gagnez pendant que vous HODL",1
"âš¡ Lightning-fast trading: Zero slippage guaranteed",1
"âš¡ Trading ultra-rapide : ZÃ©ro slippage garanti",1
"ğŸ”® AI-powered portfolio management",1
"ğŸ”® Gestion portefeuille alimentÃ©e par IA",1
"ğŸ’ Exclusive access to private token sales",1
"ğŸ’ AccÃ¨s exclusif aux ventes privÃ©es de tokens",1
"CI/CD pipeline completed successfully",0
"Pipeline CI/CD terminÃ© avec succÃ¨s",0
"Container deployment status: Running",0
"Statut dÃ©ploiement conteneur : En cours",0
"API rate limit reset in 15 minutes",0
"Limite taux API rÃ©initialisÃ©e dans 15 minutes",0
"Kubernetes cluster scaling completed",0
"Mise Ã  l'Ã©chelle cluster Kubernetes terminÃ©e",0
"Database backup completed at 03:00",0
"Sauvegarde base de donnÃ©es terminÃ©e Ã  03h00",0
"SSL certificate auto-renewed",0
"Certificat SSL auto-renouvelÃ©",0
"Load balancer health check passed",0
"VÃ©rification santÃ© rÃ©partiteur charge rÃ©ussie",0
"Monitoring alert: CPU usage high",0
"Alerte monitoring : Utilisation CPU Ã©levÃ©e",0
"Security scan completed: No vulnerabilities",0
"Scan sÃ©curitÃ© terminÃ© : Aucune vulnÃ©rabilitÃ©",0
"Code review assigned to senior developer",0
"RÃ©vision code assignÃ©e au dÃ©veloppeur senior",0
"ğŸ’¡ DevOps tools: Streamline your workflow",1
"ğŸ’¡ Outils DevOps : Optimisez votre flux de travail",1
"ğŸš€ Cloud migration services: Seamless transition",1
"ğŸš€ Services migration cloud : Transition transparente",1
"âš¡ Performance optimization: 10x faster deploys",1
"âš¡ Optimisation performance : DÃ©ploiements 10x plus rapides",1
"ğŸ”§ Professional consulting: Architecture review",1
"ğŸ”§ Conseil professionnel : RÃ©vision architecture",1
"ğŸ“Š Advanced monitoring: Real-time insights",1
"ğŸ“Š Monitoring avancÃ© : Insights temps rÃ©el",1
"System maintenance window: Services unavailable 2AM-4AM",0
"FenÃªtre maintenance systÃ¨me : Services indisponibles 2h-4h",0
"Data backup completed successfully at 03:15",0
"Sauvegarde donnÃ©es terminÃ©e avec succÃ¨s Ã  03h15",0
"Server capacity upgraded: Improved performance",0
"CapacitÃ© serveur amÃ©liorÃ©e : Performances optimisÃ©es",0
"Network connectivity restored after outage",0
"ConnectivitÃ© rÃ©seau rÃ©tablie aprÃ¨s panne",0
"Database synchronization in progress",0
"Synchronisation base de donnÃ©es en cours",0
"Software update installed: Version 3.2.1",0
"Mise Ã  jour logiciel installÃ©e : Version 3.2.1",0
"Cache cleared: Application should run faster",0
"Cache vidÃ© : Application devrait Ãªtre plus rapide",0
"Firewall rules updated for enhanced security",0
"RÃ¨gles pare-feu mises Ã  jour pour sÃ©curitÃ© renforcÃ©e",0
"SSL certificate renewed automatically",0
"Certificat SSL renouvelÃ© automatiquement",0
"Load balancer optimization completed",0
"Optimisation rÃ©partiteur de charge terminÃ©e",0
"Weekly summary: Your activity this week",0
"RÃ©sumÃ© hebdomadaire : Votre activitÃ© cette semaine",0
"Monthly report: March 2024 statistics",0
"Rapport mensuel : Statistiques mars 2024",0
"Quarterly review: Q1 2024 performance",0
"Bilan trimestriel : Performance T1 2024",0
"Annual statement: Year-end summary",0
"RelevÃ© annuel : RÃ©sumÃ© de fin d'annÃ©e",0
"Daily backup completed at 02:30",0
"Sauvegarde quotidienne terminÃ©e Ã  02h30",0
"Usage analytics: 1,247 active users today",0
"Analyses utilisation : 1 247 utilisateurs actifs aujourd'hui",0
"Revenue report: â‚¬45,389 this quarter",0
"Rapport revenus : 45 389â‚¬ ce trimestre",0
"Customer satisfaction score: 4.7/5",0
"Score satisfaction client : 4,7/5",0
"Traffic spike detected: 150% above normal",0
"Pic de trafic dÃ©tectÃ© : 150% au-dessus de la normale",0
"Error rate decreased to 0.1% this week",0
"Taux d'erreur diminuÃ© Ã  0,1% cette semaine",0
"Payment failed",0
"Paiement Ã©chouÃ©",0
"Login successful",0
"Connexion rÃ©ussie",0
"Logout completed",0
"DÃ©connexion terminÃ©e",0
"Password reset email sent",0
"Email de rÃ©initialisation mot de passe envoyÃ©",0
"Profile updated successfully",0
"Profil mis Ã  jour avec succÃ¨s",0
"Notification settings changed",0
"ParamÃ¨tres notifications modifiÃ©s",0
"Language preference set to French",0
"PrÃ©fÃ©rence langue dÃ©finie en franÃ§ais",0
"Theme switched to dark mode",0
"ThÃ¨me basculÃ© en mode sombre",0
"Data export request processed",0
"Demande d'export de donnÃ©es traitÃ©e",0
"Account deletion scheduled in 7 days",0
"Suppression compte programmÃ©e dans 7 jours",0
"ğŸ”¥ Sale!",1
"ğŸ”¥ Soldes !",1
"ğŸ’¥ Flash sale: 2 hours only",1
"ğŸ’¥ Vente flash : 2 heures seulement",1
"ğŸ¯ Special offer just for you",1
"ğŸ¯ Offre spÃ©ciale juste pour vous",1
"âš¡ Lightning deal: Act fast",1
"âš¡ Offre Ã©clair : Agissez vite",1
"ğŸ Surprise bonus: Check your rewards",1
"ğŸ Bonus surprise : VÃ©rifiez vos rÃ©compenses",1
"Your order has been processed successfully",0
"Votre commande a Ã©tÃ© traitÃ©e avec succÃ¨s",0
"ğŸ‰ Don't miss our weekend special offers",1
"ğŸ‰ Ne ratez pas nos offres spÃ©ciales weekend",1
"Your monthly subscription payment of â‚¬29.99 has been processed successfully and your account remains active until the next billing cycle on April 15th, 2024",0
"Votre paiement d'abonnement mensuel de 29,99â‚¬ a Ã©tÃ© traitÃ© avec succÃ¨s et votre compte reste actif jusqu'au prochain cycle de facturation le 15 avril 2024",0
"Transaction completed. Discover our new premium features!",1
"Transaction terminÃ©e. DÃ©couvrez nos nouvelles fonctionnalitÃ©s premium !",1
"Service restored. Upgrade now for 99% uptime guarantee!",1
"Service rÃ©tabli. Mettez Ã  niveau maintenant pour garantie 99% disponibilitÃ© !",1
"Password updated successfully. Get Premium for advanced security!",1
"Mot de passe mis Ã  jour. Obtenez Premium pour sÃ©curitÃ© avancÃ©e !",1
"Urgent: Complete your profile to unlock exclusive deals",1
"Urgent : ComplÃ©tez votre profil pour dÃ©bloquer offres exclusives",1
"Action required: Claim your welcome bonus now",1
"Action requise : RÃ©clamez votre bonus de bienvenue maintenant",1
"Time-sensitive: Your personalized offer expires tonight",1
"Urgent : Votre offre personnalisÃ©e expire ce soir",1
"Limited availability: Premium spots filling fast",1
"DisponibilitÃ© limitÃ©e : Places premium se remplissent vite",1
"Exclusive member preview: New collection launching",1
"AperÃ§u exclusif membre : Nouvelle collection bientÃ´t",1
"Early access granted: Shop before general release",1
"AccÃ¨s anticipÃ© accordÃ© : Achetez avant sortie gÃ©nÃ©rale",1
"Your personal trainer recommends this workout plan",1
"Votre entraÃ®neur personnel recommande ce plan d'entraÃ®nement",1
"Nutrition expert suggests these meal options",1
"Expert nutrition suggÃ¨re ces options de repas",1
"Weather forecast: Perfect day for outdoor activities",0
"PrÃ©visions mÃ©tÃ©o : Jour parfait pour activitÃ©s extÃ©rieures",0
"Traffic update: Alternate route suggested",0
"Mise Ã  jour trafic : ItinÃ©raire alternatif suggÃ©rÃ©",0
"News alert: Breaking story in technology sector",0
"Alerte info : Histoire de derniÃ¨re minute secteur technologie",0
"Calendar reminder: Doctor appointment in 2 hours",0
"Rappel calendrier : Rendez-vous mÃ©decin dans 2 heures",0
"Battery low: 15% remaining, consider charging",0
"Batterie faible : 15% restant, pensez Ã  charger",0
"Software update available for your device",0
"Mise Ã  jour logiciel disponible pour votre appareil",0
"WiFi network 'HomeNetwork' connected successfully",0
"RÃ©seau WiFi 'RÃ©seauMaison' connectÃ© avec succÃ¨s",0
"Bluetooth device 'Headphones' paired",0
"Appareil Bluetooth 'Casque' appairÃ©",0
"Storage space: 85% full, cleanup recommended",0
"Espace stockage : 85% plein, nettoyage recommandÃ©",0
"App crash report sent to developer",0
"Rapport crash app envoyÃ© au dÃ©veloppeur",0
"ğŸ¨ Customize your experience with premium themes",1
"ğŸ¨ Personnalisez votre expÃ©rience avec thÃ¨mes premium",1
"ğŸš— Smart navigation: Avoid traffic with AI routing",1
"ğŸš— Navigation intelligente : Ã‰vitez trafic avec routage IA",1
"ğŸ  Home automation: Control everything remotely",1
"ğŸ  Domotique : ContrÃ´lez tout Ã  distance",1
"ğŸ“± App suite: All your tools in one package",1
"ğŸ“± Suite d'apps : Tous vos outils en un pack",1
"âš¡ Supercharge your productivity with premium",1
"âš¡ Boostez votre productivitÃ© avec premium",1
"Market analysis completed for Q2 2024",0
"Analyse marchÃ© terminÃ©e pour T2 2024",0
"Competitor pricing updated in dashboard",0
"Prix concurrents mis Ã  jour dans tableau de bord",0
"Industry trends report published",0
"Rapport tendances industrie publiÃ©",0
"Customer feedback survey results ready",0
"RÃ©sultats enquÃªte retours clients prÃªts",0
"Product roadmap updated with new features",0
"Feuille de route produit mise Ã  jour nouvelles fonctionnalitÃ©s",0
"Quality assurance testing cycle completed",0
"Cycle test assurance qualitÃ© terminÃ©",0
"User acceptance testing scheduled",0
"Tests acceptation utilisateur programmÃ©s",0
"Beta version released to limited users",0
"Version bÃªta publiÃ©e pour utilisateurs limitÃ©s",0
"Bug report #1247 assigned to development team",0
"Rapport bug #1247 assignÃ© Ã©quipe dÃ©veloppement",0
"Feature request approved for implementation",0
"Demande fonctionnalitÃ© approuvÃ©e pour implÃ©mentation",0
"ğŸ“Š Business intelligence: Data-driven decisions",1
"ğŸ“Š Intelligence d'affaires : DÃ©cisions basÃ©es donnÃ©es",1
"ğŸ¯ Market research: Know your competition",1
"ğŸ¯ Ã‰tude marchÃ© : Connaissez votre concurrence",1
"ğŸ’¡ Innovation lab: Transform your business",1
"ğŸ’¡ Labo innovation : Transformez votre entreprise",1
"ğŸš€ Growth hacking: Scale faster than ever",1
"ğŸš€ Growth hacking : Grandissez plus vite que jamais",1
"ğŸ“ˆ Conversion optimization: Maximize your ROI",1
"ğŸ“ˆ Optimisation conversion : Maximisez votre ROI",1
"ğŸ“ Certification programs: Industry-recognized credentials",1
"ğŸ“ Programmes certification : RÃ©fÃ©rences reconnues industrie",1
"ğŸ’» E-learning platform: Learn at your own pace",1
"ğŸ’» Plateforme e-learning : Apprenez Ã  votre rythme",1
"ğŸ”¥ Hot stock picks: Expert recommendations",1
"ğŸ”¥ Actions chaudes : Recommandations d'experts",1
"ğŸŒ Global investment opportunities await",1
"ğŸŒ OpportunitÃ©s d'investissement mondiales vous attendent",1
"ğŸ® Unlock premium game modes today",1
"ğŸ® DÃ©bloquez modes de jeu premium aujourd'hui",1
"ğŸ”Š Ad-free music streaming: Upgrade now",1
"ğŸ”Š Streaming musical sans pub : Mettez Ã  niveau",1
"ğŸ“² Mobile app exclusive features available",1
"ğŸ“² FonctionnalitÃ©s exclusives app mobile disponibles",1
"ğŸŒŸ Become a VIP member: Exclusive perks",1
"ğŸŒŸ Devenez membre VIP : Avantages exclusifs",1
"ğŸ’¡ Smart home starter kit: Transform your living",1
"ğŸ’¡ Kit maison intelligente : Transformez votre vie",1
"ğŸš€ Startup accelerator program: Apply now",1
"ğŸš€ Programme accÃ©lÃ©rateur startup : Candidatez maintenant",1
"ğŸ† Exclusive access to premium events",1
"ğŸ† AccÃ¨s exclusif aux Ã©vÃ©nements premium",1
"ğŸ“Š Analytics suite: Unlock data insights",1
"ğŸ“Š Suite analytique : LibÃ©rez insights donnÃ©es",1
"â­ Five-star rated: Join satisfied customers",1
"â­ NotÃ© cinq Ã©toiles : Rejoignez clients satisfaits",1
"ğŸ¯ Target marketing: Reach your audience better",1
"ğŸ¯ Marketing ciblÃ© : Atteignez mieux votre audience",1
"ğŸ’° Investment advisor: Maximize your returns",1
"ğŸ’° Conseiller investissement : Maximisez vos rendements",1
"ğŸ” Security audit: Protect your business",1
"ğŸ” Audit sÃ©curitÃ© : ProtÃ©gez votre entreprise",1
"ğŸ“± App development: Bring your idea to life",1
"ğŸ“± DÃ©veloppement app : Donnez vie Ã  votre idÃ©e",1
"ğŸŒ Global marketplace: Expand your reach",1
"ğŸŒ MarchÃ© mondial : Ã‰tendez votre portÃ©e",1
"ğŸª Event management: Make it memorable",1
"ğŸª Gestion Ã©vÃ©nements : Rendez-le mÃ©morable",1
"ğŸ“ˆ SEO optimization: Boost your visibility",1
"ğŸ“ˆ Optimisation SEO : Boostez votre visibilitÃ©",1
"ğŸ’ Luxury concierge service available",1
"ğŸ’ Service conciergerie luxe disponible",1
"ğŸš Private helicopter tours: Book now",1
"ğŸš Tours hÃ©licoptÃ¨re privÃ© : RÃ©servez maintenant",1
"ğŸ· Wine tasting experience: Premium selection",1
"ğŸ· DÃ©gustation vin : SÃ©lection premium",1
"ğŸ–ï¸ Exclusive resort: Paradise awaits",1
"ğŸ–ï¸ Resort exclusif : Le paradis vous attend",1
"ğŸ¨ Art investment: Beautiful and profitable",1
"ğŸ¨ Investissement art : Beau et rentable",1
"âš¡ Electric vehicle charging: Future is here",1
"âš¡ Recharge vÃ©hicule Ã©lectrique : L'avenir est lÃ ",1
"ğŸŒ± Sustainable investing: Profit with purpose",1
"ğŸŒ± Investissement durable : Profit avec objectif",1
"ğŸ¬ Film production: Professional quality guaranteed",1
"ğŸ¬ Production film : QualitÃ© professionnelle garantie",1
"ğŸ“š Online tutoring: One-on-one expert help",1
"ğŸ“š Tutorat en ligne : Aide expert personnalisÃ©e",1
"ğŸ‹ï¸ Personal trainer: Achieve your fitness goals",1
"ğŸ‹ï¸ EntraÃ®neur personnel : Atteignez objectifs forme",1
"ğŸ Nutrition coaching: Transform your health",1
"ğŸ Coaching nutrition : Transformez votre santÃ©",1
"ğŸµ Music production: Professional studio quality",1
"ğŸµ Production musicale : QualitÃ© studio professionnel",1
"ğŸ“¸ Photography course: Capture perfect moments",1
"ğŸ“¸ Cours photographie : Capturez moments parfaits",1
"ğŸš— Luxury car rental: Drive in style",1
"ğŸš— Location voiture luxe : Roulez avec style",1
"âœˆï¸ Private jet charter: Travel like royalty",1
"âœˆï¸ AffrÃ¨tement jet privÃ© : Voyagez comme royautÃ©",1
"ğŸ  Interior design: Transform your space",1
"ğŸ  Design intÃ©rieur : Transformez votre espace",1
"ğŸ‘— Personal stylist: Look your absolute best",1
"ğŸ‘— Styliste personnel : Ayez votre meilleur look",1
"ğŸ° Gourmet catering: Unforgettable dining experience",1
"ğŸ° Traiteur gourmet : ExpÃ©rience culinaire inoubliable",1
"ğŸ­ Theater tickets: Best seats available",1
"ğŸ­ Billets thÃ©Ã¢tre : Meilleures places disponibles",1
"ğŸ† Championship training: Become a winner",1
"ğŸ† EntraÃ®nement championnat : Devenez gagnant",1
"ğŸ”¬ Research consultation: Expert scientific advice",1
"ğŸ”¬ Consultation recherche : Conseil scientifique expert",1
"ğŸª Circus school: Learn amazing skills",1
"ğŸª Ã‰cole cirque : Apprenez compÃ©tences incroyables",1
"ğŸš€ Space tourism: Once in lifetime experience",1
"ğŸš€ Tourisme spatial : ExpÃ©rience unique vie",1
"ğŸ’¼ Executive protection: VIP security service",1
"ğŸ’¼ Protection exÃ©cutive : Service sÃ©curitÃ© VIP",1
"ğŸ° Castle rental: Live like nobility",1
"ğŸ° Location chÃ¢teau : Vivez comme noblesse",1
"â›µ Yacht charter: Luxury ocean adventure",1
"â›µ AffrÃ¨tement yacht : Aventure ocÃ©an luxe",1
"ğŸ¯ Archery lessons: Hit your target",1
"ğŸ¯ Cours tir Ã  l'arc : Atteignez votre cible",1
"ğŸ¥Š Boxing training: Unleash your power",1
"ğŸ¥Š EntraÃ®nement boxe : LibÃ©rez votre puissance",1
"ğŸ§˜ Meditation retreat: Find inner peace",1
"ğŸ§˜ Retraite mÃ©ditation : Trouvez paix intÃ©rieure",1
"ğŸ¨ Art therapy: Heal through creativity",1
"ğŸ¨ Art thÃ©rapie : GuÃ©rissez par crÃ©ativitÃ©",1
"ğŸŒº Spa day: Ultimate relaxation experience",1
"ğŸŒº JournÃ©e spa : ExpÃ©rience relaxation ultime",1
"ğŸ« Chocolate making: Sweet skills to master",1
"ğŸ« Fabrication chocolat : CompÃ©tences sucrÃ©es Ã  maÃ®triser",1
"ğŸª Magic lessons: Amaze your friends",1
"ğŸª Cours magie : Ã‰patez vos amis",1
"ğŸ¦‹ Butterfly garden: Nature's beauty at home",1
"ğŸ¦‹ Jardin papillons : BeautÃ© nature chez vous",1
"ğŸ”ï¸ Mountain climbing: Conquer new heights",1
"ğŸ”ï¸ Escalade montagne : ConquÃ©rez nouvelles hauteurs",1
"ğŸŒŠ Surfing lessons: Ride the perfect wave",1
"ğŸŒŠ Cours surf : Chevauchez vague parfaite",1
"ğŸ¿ Ski instruction: Master the slopes",1
"ğŸ¿ Instruction ski : MaÃ®trisez les pistes",1
"ğŸ„ Wakeboarding: Water sports adventure",1
"ğŸ„ Wakeboard : Aventure sports nautiques",1
"ğŸ³ Bowling league: Strike up new friendships",1
"ğŸ³ Ligue bowling : Nouez nouvelles amitiÃ©s",1
"ğŸ± Pool lessons: Become a shark",1
"ğŸ± Cours billard : Devenez requin",1
"ğŸ° Casino night: Feel the excitement",1
"ğŸ° SoirÃ©e casino : Ressentez excitation",1
"ğŸª Carnival games: Win amazing prizes",1
"ğŸª Jeux carnaval : Gagnez prix incroyables",1
"ğŸ¨ Pottery class: Shape your creativity",1
"ğŸ¨ Cours poterie : FaÃ§onnez votre crÃ©ativitÃ©",1
"ğŸ§¶ Knitting workshop: Craft beautiful items",1
"ğŸ§¶ Atelier tricot : CrÃ©ez objets magnifiques",1
"ğŸ“– Writing workshop: Tell your story",1
"ğŸ“– Atelier Ã©criture : Racontez votre histoire",1
"ğŸ¤ Singing lessons: Find your voice",1
"ğŸ¤ Cours chant : Trouvez votre voix",1
"ğŸ¸ Guitar mastery: Play like a pro",1
"ğŸ¸ MaÃ®trise guitare : Jouez comme pro",1
"ğŸ¥ Drumming class: Feel the rhythm",1
"ğŸ¥ Cours batterie : Ressentez rythme",1
"ğŸ¹ Piano lessons: Create beautiful melodies",1
"ğŸ¹ Cours piano : CrÃ©ez mÃ©lodies magnifiques",1
"ğŸº Trumpet training: Make some noise",1
"ğŸº EntraÃ®nement trompette : Faites du bruit",1
"ğŸ» Violin virtuoso: Master classical music",1
"ğŸ» Virtuose violon : MaÃ®trisez musique classique",1
"ğŸª˜ Percussion workshop: Beat to your rhythm",1
"ğŸª˜ Atelier percussion : Battez votre rythme",1
"ğŸ¼ Music composition: Write your symphony",1
"ğŸ¼ Composition musicale : Ã‰crivez votre symphonie",1
"ğŸ§ DJ course: Mix like a pro",1
"ğŸ§ Cours DJ : Mixez comme pro",1
"ğŸª Acrobatics: Defy gravity with style",1
"ğŸª Acrobaties : DÃ©fiez gravitÃ© avec style",1
"ğŸ¤¹ Juggling mastery: Keep everything in air",1
"ğŸ¤¹ MaÃ®trise jonglage : Gardez tout en l'air",1
"ğŸ­ Acting class: Discover your inner performer",1
"ğŸ­ Cours thÃ©Ã¢tre : DÃ©couvrez artiste intÃ©rieur",1
"ğŸ¬ Film making: Bring stories to life",1
"ğŸ¬ RÃ©alisation film : Donnez vie aux histoires",1
"ğŸ“¹ Video editing: Professional post-production",1
"ğŸ“¹ Montage vidÃ©o : Post-production professionnelle",1